condition,threshold,cap,images,ground_truth_boxes,ground_truth_classes,predicted_boxes,true_positives_iou50,precision_iou50,recall_iou50,AP50_101point_diagnostic,mAP50_95_101point_diagnostic,active_candidates_mean,active_candidates_std,active_candidates_median,active_candidates_q1,active_candidates_q3,nms_input_candidates_mean,nms_input_candidates_std,nms_input_candidates_median,nms_input_candidates_q1,nms_input_candidates_q3,final_detections_mean,final_detections_std,final_detections_median,final_detections_q1,final_detections_q3,nms_ms_mean,nms_ms_std,nms_ms_median,nms_ms_q1,nms_ms_q3,postprocessing_ms_mean,postprocessing_ms_std,postprocessing_ms_median,postprocessing_ms_q1,postprocessing_ms_q3,forward_ms_mean,forward_ms_std,forward_ms_median,forward_ms_q1,forward_ms_q3
clean,0.01,,128,929,71,2281,512,0.2244629548443665,0.5511302475780409,0.4599889437739372,0.3274494214394762,116.0625,105.74458531213145,77.0,40.5,156.0,116.0625,105.74458531213145,77.0,40.5,156.0,17.8203125,16.905682590140593,11.0,6.0,25.25,7.8543796875,7.715182125358945,5.1204,2.5493,10.874975000000001,8.817492968749999,7.764311020700461,6.01605,3.50995,11.84235,105.00426250000001,6.839745684950803,104.69695,100.200575,109.507575
clean,0.25,,128,929,71,413,326,0.7893462469733656,0.35091496232508074,0.3465985416085662,0.2688832682992655,23.265625,18.540224146900783,18.0,10.0,29.0,23.265625,18.540224146900783,18.0,10.0,29.0,3.2265625,2.6715616470256247,3.0,2.0,4.0,1.57839296875,1.4542049139246007,1.18925,0.7731,1.83845,2.52975234375,1.6023692294703862,2.1522,1.696525,2.82565,105.00426250000001,6.839745684950803,104.69695,100.200575,109.507575
clean,0.01,100,128,929,71,1371,457,0.3333333333333333,0.49192680301399355,0.4470644711846802,0.32170386495617487,116.0625,105.74458531213145,77.0,40.5,156.0,70.3125,30.862853854293775,77.0,40.5,100.0,10.7109375,6.401466790269956,11.0,6.0,15.0,4.79163828125,2.7612080014770064,4.51,2.378225,6.605,5.8651296875,2.8730275681962487,5.7862,3.392175,7.7974749999999995,105.00426250000001,6.839745684950803,104.69695,100.200575,109.507575
sg_ga,0.01,,128,929,71,2213,491,0.22187076366922728,0.5285252960172229,0.41704744499244106,0.29823975445239337,114.78125,97.95611563629491,83.0,42.0,147.0,114.78125,97.95611563629491,83.0,42.0,147.0,17.2890625,15.305885000535131,11.0,6.0,25.0,7.4026546875,6.458842262909291,5.077249999999999,2.697825,10.772225,8.38558125,6.5145231441895355,6.1379,3.5235499999999997,11.711725000000001,104.28991718750001,8.874765971195059,103.4628,98.53569999999999,109.22347500000001
sg_ga,0.25,,128,929,71,385,298,0.7740259740259741,0.3207750269106566,0.30981424982587935,0.2395848404126989,21.7421875,17.692583122296476,16.5,10.0,27.0,21.7421875,17.692583122296476,16.5,10.0,27.0,3.0078125,2.5579768511200687,2.0,1.0,4.0,1.4228546875,1.0994694628867026,1.16825,0.6920000000000001,1.704925,2.3484140625,1.1900117461032396,2.14985,1.591,2.7271,104.28991718750001,8.874765971195059,103.4628,98.53569999999999,109.22347500000001
sg_ga,0.01,100,128,929,71,1391,442,0.3177570093457944,0.4757804090419806,0.40434794586889644,0.2934264507631447,114.78125,97.95611563629491,83.0,42.0,147.0,72.2890625,30.165985001035143,83.0,42.0,100.0,10.8671875,6.141854722242611,11.0,6.0,15.0,4.73508203125,2.860951318832549,4.6450499999999995,2.5556,6.627325,5.77369921875,2.992438475557916,5.669449999999999,3.30005,7.76335,104.28991718750001,8.874765971195059,103.4628,98.53569999999999,109.22347500000001
ga_center,0.01,,128,929,71,2182,479,0.21952337305224565,0.5156081808396125,0.4060767172013192,0.28541032578598,114.7734375,99.66133320461877,79.0,44.0,151.0,114.7734375,99.66133320461877,79.0,44.0,151.0,17.046875,15.468972946377146,11.5,6.0,24.25,7.2550890625,6.781836764385962,4.3254,2.351175,10.563825,8.200365625,6.832729775807233,5.42235,3.3080249999999998,11.518799999999999,104.0122875,6.579954129653675,105.12375,100.679575,107.92914999999999
ga_center,0.25,,128,929,71,398,299,0.7512562814070352,0.3218514531754575,0.3154522995551437,0.24289744096977517,21.5703125,18.29447814533763,17.0,10.0,27.5,21.5703125,18.29447814533763,17.0,10.0,27.5,3.109375,2.8346405429743675,2.0,1.0,4.0,1.43042734375,1.213816456614753,1.13985,0.6625000000000001,1.624375,2.367115625,1.309556226116403,2.0966500000000003,1.5802,2.7464000000000004,104.0122875,6.579954129653675,105.12375,100.679575,107.92914999999999
ga_center,0.01,100,128,929,71,1362,423,0.31057268722466963,0.45532831001076424,0.3958228257558249,0.28191405198407704,114.7734375,99.66133320461877,79.0,44.0,151.0,71.0625,30.31118137808939,79.0,44.0,100.0,10.640625,6.179384541124351,10.0,6.0,14.0,4.570734375,2.7999790700128173,4.17405,2.228625,6.033875,5.593725781250001,2.924269503458539,5.214650000000001,3.0869999999999997,7.33505,104.0122875,6.579954129653675,105.12375,100.679575,107.92914999999999
random_search,0.01,,128,929,71,2196,489,0.2226775956284153,0.5263724434876211,0.41943012958413783,0.3008005233223757,113.90625,98.05650287413636,80.5,41.0,146.5,113.90625,98.05650287413636,80.5,41.0,146.5,17.15625,15.439206407331595,12.0,6.0,24.0,7.511576562499999,6.916976785712962,4.7524999999999995,2.381625,10.585725,8.50131015625,6.96144658016412,5.802300000000001,3.622625,11.544225,105.16100156249999,9.079372068448366,104.77965,101.21697499999999,108.046275
random_search,0.25,,128,929,71,386,299,0.7746113989637305,0.3218514531754575,0.3130485632024515,0.24315052859217937,21.8984375,17.971473389989107,17.0,10.0,27.0,21.8984375,17.971473389989107,17.0,10.0,27.0,3.015625,2.5471440700097485,2.0,1.0,4.0,1.40228359375,1.0844290818978082,1.06045,0.6653,1.865025,2.28760546875,1.144728926500378,1.991,1.5464250000000002,2.790075,105.16100156249999,9.079372068448366,104.77965,101.21697499999999,108.046275
random_search,0.01,100,128,929,71,1395,441,0.3161290322580645,0.4747039827771798,0.40633274445240225,0.29570288201637657,113.90625,98.05650287413636,80.5,41.0,146.5,72.0625,30.551299313839003,80.5,41.0,100.0,10.8984375,6.274357066225048,10.0,6.0,14.0,4.78128984375,2.9528949545443037,4.6067,2.2986,6.524725,5.8114625,3.1084173256994725,5.69045,3.464475,7.5601,105.16100156249999,9.079372068448366,104.77965,101.21697499999999,108.046275
noise,0.01,,128,929,71,2212,484,0.21880650994575046,0.5209903121636168,0.4128917951299497,0.29860609819861916,114.90625,98.05698467776016,83.0,44.75,152.0,114.90625,98.05698467776016,83.0,44.75,152.0,17.28125,15.288273258043187,11.0,6.0,24.25,7.521651562500001,6.787722408890557,4.800549999999999,2.8939000000000004,10.254575,8.498825,6.834870777355605,5.8603000000000005,3.7747,11.59155,103.67215468750001,6.908893513183807,103.7861,99.021325,107.179625
noise,0.25,,128,929,71,386,302,0.7823834196891192,0.32508073196986004,0.3166526630544331,0.24672014744296464,21.859375,17.90734436714346,17.0,10.0,27.0,21.859375,17.90734436714346,17.0,10.0,27.0,3.015625,2.644216315141377,2.0,1.0,3.25,1.4669179687499998,1.1410845336703448,1.13745,0.746425,1.7778,2.40199453125,1.2066823528495472,2.1114499999999996,1.673375,2.7334750000000003,103.67215468750001,6.908893513183807,103.7861,99.021325,107.179625
noise,0.01,100,128,929,71,1398,435,0.3111587982832618,0.4682454251883746,0.4027748611033494,0.29436191125297245,114.90625,98.05698467776016,83.0,44.75,152.0,72.6171875,30.17224074729284,83.0,44.75,100.0,10.921875,6.110027095059579,11.0,6.0,15.0,4.624819531250001,2.6630529835876446,4.39085,2.62215,6.036524999999999,5.62856171875,2.774817211008188,5.442349999999999,3.45665,7.4425,103.67215468750001,6.908893513183807,103.7861,99.021325,107.179625
diagonal_stripes,0.01,,128,929,71,2228,484,0.21723518850987433,0.5209903121636168,0.4157864107519498,0.29635099681042504,115.1640625,99.17897425637777,82.0,46.75,144.0,115.1640625,99.17897425637777,82.0,46.75,144.0,17.40625,15.38658660145565,11.0,6.5,24.0,7.60065859375,6.803737935737478,4.87575,2.6522,10.86265,8.56177421875,6.848339830066134,5.94375,3.55525,11.983550000000001,103.8086828125,6.765700078099004,103.41669999999999,99.26287500000001,107.813475
diagonal_stripes,0.25,,128,929,71,382,297,0.7774869109947644,0.31969860064585576,0.31096930059444633,0.24194577150916582,21.703125,17.390992045616855,18.0,10.0,28.25,21.703125,17.390992045616855,18.0,10.0,28.25,2.984375,2.5564011828885573,2.0,1.0,4.0,1.473859375,1.1620052436244124,1.0897999999999999,0.7509250000000001,1.910925,2.4109671875,1.2775451637922768,2.00125,1.704425,2.854025,103.8086828125,6.765700078099004,103.41669999999999,99.26287500000001,107.813475
diagonal_stripes,0.01,100,128,929,71,1408,437,0.3103693181818182,0.4703982777179763,0.40494250247826086,0.29178575499519865,115.1640625,99.17897425637777,82.0,46.75,144.0,72.046875,30.302895933697556,82.0,46.75,100.0,11.0,6.2632536637671725,11.0,6.5,15.0,4.66264765625,2.8558619084528485,4.38385,2.43385,6.33165,5.703559374999999,3.0814617773239164,5.34755,3.2556,7.464824999999999,103.8086828125,6.765700078099004,103.41669999999999,99.26287500000001,107.813475
checkerboard,0.01,,128,929,71,2168,492,0.22693726937269373,0.5296017222820237,0.42018935089184023,0.3005923318544753,112.28125,98.6651808561958,79.5,41.75,144.0,112.28125,98.6651808561958,79.5,41.75,144.0,16.9375,15.487231215057824,11.0,5.0,23.25,7.2558968749999995,6.465867739610199,5.18815,2.31055,9.535599999999999,8.25405234375,6.560887883966522,6.2616,3.34485,10.700225,104.03638359375,5.886982080651994,104.07475,100.228975,107.862575
checkerboard,0.25,,128,929,71,381,299,0.7847769028871391,0.3218514531754575,0.31293797395965584,0.24374178684765982,21.5,17.513998900317283,17.0,10.0,27.25,21.5,17.513998900317283,17.0,10.0,27.25,2.9765625,2.5762844629152015,2.0,1.0,3.0,1.44176171875,1.0671863863302775,1.22565,0.7166,1.73365,2.38004140625,1.1648451175830468,2.2013499999999997,1.723075,2.794175,104.03638359375,5.886982080651994,104.07475,100.228975,107.862575
checkerboard,0.01,100,128,929,71,1368,442,0.3230994152046784,0.4757804090419806,0.41091652518921945,0.2964888844234117,112.28125,98.6651808561958,79.5,41.75,144.0,70.65625,30.805572023848793,79.5,41.75,100.0,10.6875,6.267966302940943,11.0,5.0,14.0,4.65117578125,2.767301081307504,4.4048,2.28735,6.2492,5.6628953125,2.8537126763552165,5.5733999999999995,3.1993750000000003,7.469,104.03638359375,5.886982080651994,104.07475,100.228975,107.862575
solid,0.01,,128,929,71,2267,495,0.21835024261138067,0.5328310010764262,0.4273972063807254,0.3016824017287975,116.3359375,100.14597828192257,83.0,45.5,158.0,116.3359375,100.14597828192257,83.0,45.5,158.0,17.7109375,15.856220292012182,12.0,6.0,25.25,7.62343125,7.090140215296103,4.8279499999999995,2.581,11.27755,8.64691796875,7.162163449909384,5.97945,3.56975,12.5276,104.97735234375001,7.375267309961063,105.09495,100.539725,109.50165
solid,0.25,,128,929,71,389,303,0.7789203084832905,0.3261571582346609,0.321138289857046,0.24762766122193566,21.984375,17.718705083682604,17.0,10.0,27.0,21.984375,17.718705083682604,17.0,10.0,27.0,3.0390625,2.532939979735975,2.0,1.75,4.0,1.47728515625,1.1731989797795943,1.1438000000000001,0.71495,1.7945,2.44172421875,1.3108479961818125,2.19795,1.69295,2.7799,104.97735234375001,7.375267309961063,105.09495,100.539725,109.50165
solid,0.01,100,128,929,71,1414,443,0.3132956152758133,0.47685683530678147,0.4169650066996168,0.29702782548474016,116.3359375,100.14597828192257,83.0,45.5,158.0,71.875,30.809038452923208,83.0,45.5,100.0,11.046875,6.362858980792268,11.0,6.0,15.0,4.74889921875,2.6582899260806276,4.678050000000001,2.76865,6.4398,5.8096828125,2.8018845089674964,5.7650500000000005,3.6343,7.5167,104.97735234375001,7.375267309961063,105.09495,100.539725,109.50165
